revenue,Name Prefix,First Name,Middle Initial,Last Name,Gender,E Mail,Father's Name,Mother's Name,Mother's Maiden Name,date,Time of Birth,orders,Weight in Kgs.,Date of Joining,Quarter of Joining,Half of Joining,Year of Joining,Month of Joining,Month Name of Joining,Short Month,Day of Joining,DOW of Joining,Short DOW,Age in Company (Years),Salary,Last % Hike,SSN,Phone No.,Place Name,County,region,Zip,User Name,Password
1250000,Mr.,Alexander,S,Sharma,M,alexander.sharma@salesforce.com,Suresh Sharma,Anjali Sharma,Verma,2005-03-15,09:30:00,65,77.5,2005-03-15,1,1,2005,3,March,Mar,15,1,Tue,18,98000,16.2,789-01-2345,617-555-0121,Boston,Suffolk,Northeast,02101,alsharna,Pz@3Jx#8Kq
2180000,Ms.,Victoria,R,Johnson,F,victoria.johnson@hubspot.com,Robert Johnson,Veronica Johnson,Thompson,2003-07-22,14:20:00,68,65.9,2003-07-22,3,2,2003,7,July,Jul,22,20,Tue,125000,23.7,234-56-7890,212-555-0108,New York,New York,Northeast,10001,vijohnson,Rx@5Lp#2Zm
520000,Dr.,Marcus,T,Patel,M,marcus.patel@zendesk.com,Terence Patel,Michelle Patel,Gupta,2010-09-10,11:50:00,42,79.3,2010-09-10,3,2,2010,9,September,Sep,10,13,Fri,72000,11.4,567-89-0123,215-555-0133,Philadelphia,Philadelphia,Northeast,19101,mapatel,Lm@4Rx#9Jq
840000,Mrs.,Catherine,M,Sullivan,F,catherine.sullivan@slack.com,Michael Sullivan,Caroline Sullivan,Murphy,2005-05-18,13:10:00,58,62.7,2005-05-18,2,1,2005,5,May,May,18,18,Wed,106000,19.5,456-78-9234,617-555-0122,Boston,Suffolk,Northeast,02102,casullivan,Vy@6Km#1Lx
3600000,Mr.,Jonathan,G,O'Brien,M,jonathan.obrien@stripe.com,Gregory O'Brien,Jean O'Brien,Murphy,2000-02-10,10:15:00,72,86.5,2000-02-10,1,1,2000,2,February,Feb,10,23,Thu,175000,31.2,789-01-2345,212-555-0109,New York,New York,Northeast,10002,jobrien,Zt@7Lx#4Kp
650000,Ms.,Margaret,B,Wagner,F,margaret.wagner@salesforce.com,Benjamin Wagner,Mary Wagner,Anderson,2007-11-05,15:45:00,51,63.2,2007-11-05,4,2,2007,11,November,Nov,5,16,Mon,89000,14.8,234-56-7890,215-555-0134,Philadelphia,Philadelphia,Northeast,19102,mawagner,Jx@2Pq#7Lz
920000,Mr.,David,H,Chen,M,david.chen@hubspot.com,Henry Chen,Diane Chen,Wu,2004-08-20,12:35:00,62,80.6,2004-08-20,3,2,2004,8,August,Aug,20,19,Fri,109000,20.3,567-89-0123,617-555-0123,Boston,Suffolk,Northeast,02103,dechen,Pt@3Jz#6Lm
580000,Dr.,Patricia,E,Kumar,F,patricia.kumar@zendesk.com,Edward Kumar,Patricia Kumar,Sharma,2009-04-15,11:20:00,47,67.1,2009-04-15,2,1,2009,4,April,Apr,15,14,Wed,77000,12.9,456-78-9234,212-555-0110,New York,New York,Northeast,10003,pekumar,Lz@5Km#8Qx
1350000,Mrs.,Susan,L,Kowalski,F,susan.kowalski@slack.com,Lawrence Kowalski,Stella Kowalski,Novak,2002-06-30,14:50:00,64,61.5,2002-06-30,2,2,2002,6,June,Jun,30,21,Fri,122000,22.1,789-01-2345,215-555-0135,Philadelphia,Philadelphia,Northeast,19103,sukowalski,Rx@7Lp#2Jz
165000,Mr.,Robert,P,Martinez,M,robert.martinez@stripe.com,Peter Martinez,Rachel Martinez,Garcia,2015-10-10,09:40:00,18,75.2,2015-10-10,4,2,2015,10,October,Oct,10,8,Sat,44000,5.8,234-56-7890,617-555-0124,Boston,Suffolk,Northeast,02104,rmartinez,Jq@1Km#3Px
750000,Ms.,Angela,R,Thompson,F,angela.thompson@salesforce.com,Ralph Thompson,Audrey Thompson,Murphy,2006-02-25,10:55:00,54,64.8,2006-02-25,1,1,2006,2,February,Feb,25,17,Sat,87000,15.6,567-89-0123,212-555-0111,New York,New York,Northeast,10004,athompson,Zy@4Jx#9Lq
640000,Mr.,Kevin,M,Nowak,M,kevin.nowak@hubspot.com,Michael Nowak,Karen Nowak,Kowalski,2008-03-12,13:25:00,49,76.9,2008-03-12,1,1,2008,3,March,Mar,12,15,Wed,84000,13.2,456-78-9234,215-555-0136,Philadelphia,Philadelphia,Northeast,19104,kenowak,Lp@6Rx#3Km
1050000,Dr.,Linda,S,Rizzo,F,linda.rizzo@zendesk.com,Samuel Rizzo,Lorraine Rizzo,Spano,2004-07-20,15:10:00,59,68.5,2004-07-20,3,2,2004,7,July,Jul,20,19,Tue,104000,18.7,789-01-2345,617-555-0125,Boston,Suffolk,Northeast,02105,lirizzo,Vx@2Lq#8Jm
480000,Mrs.,Dorothy,A,McCabe,F,dorothy.mccabe@slack.com,Albert McCabe,Dolores McCabe,Flynn,2011-05-15,12:40:00,40,59.3,2011-05-15,2,1,2011,5,May,May,15,12,Sun,71000,10.3,234-56-7890,212-555-0112,New York,New York,Northeast,10005,domccabe,Jz@4Km#5Pz
2600000,Mr.,William,C,Gallagher,M,william.gallagher@stripe.com,Charles Gallagher,Wilma Gallagher,Murphy,2002-01-10,11:05:00,69,85.8,2002-01-10,1,1,2002,1,January,Jan,10,21,Fri,155000,26.9,456-78-9234,215-555-0137,Philadelphia,Philadelphia,Northeast,19105,wigallagher,Zy@8Lx#1Kp
720000,Ms.,Nancy,T,Flynn,F,nancy.flynn@salesforce.com,Thomas Flynn,Nora Flynn,Murphy,2006-09-20,14:35:00,52,62.1,2006-09-20,3,2,2006,9,September,Sep,20,17,Tue,91000,15.9,789-01-2345,617-555-0126,Boston,Suffolk,Northeast,02106,naflynn,Lm@3Jq#7Px
580000,Mr.,Paul,B,Donovan,M,paul.donovan@hubspot.com,Benjamin Donovan,Pauline Donovan,Murphy,2009-06-10,09:50:00,46,79.1,2009-06-10,2,2,2009,6,June,Jun,10,14,Tue,72000,12.6,234-56-7890,212-555-0113,New York,New York,Northeast,10006,padonovan,Jx@5Lp#2Km
980000,Dr.,Helen,H,Salinger,F,helen.salinger@zendesk.com,Henry Salinger,Hazel Salinger,Stewart,2005-04-15,13:20:00,57,66.9,2005-04-15,2,1,2005,4,April,Apr,15,18,Fri,103000,18.4,567-89-0123,215-555-0138,Philadelphia,Philadelphia,Northeast,19106,hesalinger,Rx@9Lz#4Jm
620000,Mrs.,Margaret,D,Casey,F,margaret.casey@slack.com,Donald Casey,Margaret Casey,Sullivan,2008-02-20,15:45:00,50,60.8,2008-02-20,1,1,2008,2,February,Feb,20,15,Tue,88000,14.1,456-78-9234,617-555-0127,Boston,Suffolk,Northeast,02107,macasey,Pt@1Jz#6Lq
1480000,Mr.,James,L,Murphy,M,james.murphy@stripe.com,Lawrence Murphy,Janet Murphy,Murphy,2003-11-25,10:30:00,66,84.3,2003-11-25,4,2,2003,11,November,Nov,25,20,Tue,118000,21.3,789-01-2345,212-555-0114,New York,New York,Northeast,10007,jamurphy,Zy@7Km#3Lp
760000,Ms.,Shirley,R,Mahoney,F,shirley.mahoney@salesforce.com,Ralph Mahoney,Sophia Mahoney,Riley,2006-08-10,12:15:00,54,65.2,2006-08-10,3,2,2006,8,August,Aug,10,17,Wed,92000,16.2,234-56-7890,215-555-0139,Philadelphia,Philadelphia,Northeast,19107,shmahoney,Lp@2Rx#8Jz
420000,Mr.,Kenneth,W,Scanlon,M,kenneth.scanlon@hubspot.com,William Scanlon,Kathleen Scanlon,Mulroy,2012-01-15,14:50:00,34,72.5,2012-01-15,1,1,2012,1,January,Jan,15,11,Fri,68000,8.7,567-89-0123,617-555-0128,Boston,Suffolk,Northeast,02108,kescanlon,Jz@3Km#9Px
2280000,Dr.,Betty,J,Dunlap,F,betty.dunlap@zendesk.com,James Dunlap,Bernice Dunlap,Carver,2002-05-20,11:35:00,67,63.5,2002-05-20,2,1,2002,5,May,May,20,21,Fri,132000,24.3,456-78-9234,212-555-0115,New York,New York,Northeast,10008,bedunlap,Vx@6Lq#1Jm
550000,Mrs.,Ruth,A,Hartley,F,ruth.hartley@slack.com,Albert Hartley,Ruth Hartley,Murphy,2010-07-22,15:20:00,43,59.7,2010-07-22,3,2,2010,7,July,Jul,22,13,Wed,72000,12.2,789-01-2345,215-555-0140,Philadelphia,Philadelphia,Northeast,19108,ruhartley,Lz@4Pq#7Kx
1350000,Mr.,Peter,G,Brennan,M,peter.brennan@stripe.com,Gregory Brennan,Patricia Brennan,Murphy,2003-03-10,10:05:00,63,83.2,2003-03-10,1,1,2003,3,March,Mar,10,20,Sun,115000,20.8,234-56-7890,617-555-0129,Boston,Suffolk,Northeast,02109,pebrenna,Zy@5Lx#2Kp
700000,Ms.,Lisa,C,Crawford,F,lisa.crawford@salesforce.com,Charles Crawford,Lois Crawford,Murphy,2006-11-15,12:50:00,51,62.3,2006-11-15,4,2,2006,11,November,Nov,15,17,Tue,91000,15.7,567-89-0123,212-555-0116,New York,New York,Northeast,10009,licrawford,Pt@8Jz#3Lq
620000,Mr.,Daniel,S,DeMarco,M,daniel.demarco@hubspot.com,Samuel DeMarco,Donna DeMarco,Rossi,2008-04-10,14:30:00,48,75.6,2008-04-10,2,1,2008,4,April,Apr,10,15,Tue,85000,13.8,456-78-9234,215-555-0141,Philadelphia,Philadelphia,Northeast,19109,dedemarco,Lm@1Rx#6Jq
920000,Dr.,Donna,B,Lombardi,F,donna.lombardi@zendesk.com,Benjamin Lombardi,Dorothy Lombardi,Russo,2005-06-20,11:15:00,59,64.7,2005-06-20,2,2,2005,6,June,Jun,20,18,Mon,103000,18.9,789-01-2345,617-555-0130,Boston,Suffolk,Northeast,02110,dolombardi,Ry#9Lp@4Km
540000,Mrs.,Carol,H,Esposito,F,carol.esposito@slack.com,Henry Esposito,Clara Esposito,Marcello,2010-03-18,13:40:00,41,60.1,2010-03-18,1,1,2010,3,March,Mar,18,13,Wed,75000,13.2,234-56-7890,212-555-0117,New York,New York,Northeast,10010,caesposito,Jx@2Km#8Pz
2050000,Mr.,George,L,Falcone,M,george.falcone@stripe.com,Lawrence Falcone,Grace Falcone,Giordano,2002-10-10,10:50:00,67,84.1,2002-10-10,4,2,2002,10,October,Oct,10,21,Sat,146000,25.6,567-89-0123,215-555-0142,Philadelphia,Philadelphia,Northeast,19110,gefalcone,Zt@7Lx#3Kp
780000,Ms.,Diane,T,Pagano,F,diane.pagano@salesforce.com,Thomas Pagano,Dorothy Pagano,Benedetti,2006-07-25,15:05:00,53,65.9,2006-07-25,3,2,2006,7,July,Jul,25,17,Mon,92000,16.1,456-78-9234,617-555-0131,Boston,Suffolk,Northeast,02111,dipagano,Lp@5Jq#1Lz
420000,Mr.,Ronald,A,Messina,M,ronald.messina@hubspot.com,Albert Messina,Rosa Messina,DiPaola,2012-09-12,12:25:00,35,71.8,2012-09-12,3,2,2012,9,September,Sep,12,11,Tue,69000,9.1,789-01-2345,212-555-0118,New York,New York,Northeast,10011,remessina,Jz@3Pq#6Mx
1700000,Dr.,Brenda,R,Caruso,F,brenda.caruso@zendesk.com,Ralph Caruso,Barbara Caruso,Marino,2003-08-20,14:15:00,65,66.3,2003-08-20,3,2,2003,8,August,Aug,20,20,Fri,124000,22.9,234-56-7890,215-555-0143,Philadelphia,Philadelphia,Northeast,19111,brcaruso,Rx@8Lp#4Jm
560000,Mrs.,Linda,M,Rigatoni,F,linda.rigatoni@slack.com,Michael Rigatoni,Lillian Rigatoni,Benedetti,2009-12-10,11:50:00,44,59.2,2009-12-10,4,2,2009,12,December,Dec,10,14,Wed,73000,12.7,567-89-0123,617-555-0132,Boston,Suffolk,Northeast,02112,lirigatoni,Pt@6Km#2Jz
1950000,Mr.,Steven,K,Vitale,M,steven.vitale@stripe.com,Kenneth Vitale,Stella Vitale,DeCarlo,2002-02-15,09:35:00,66,85.9,2002-02-15,1,1,2002,2,February,Feb,15,21,Fri,148000,26.2,456-78-9234,212-555-0119,New York,New York,Northeast,10012,stevitale,Zy@9Lx#5Kp
3800000,Ms.,Karen,V,Santoro,F,karen.santoro@salesforce.com,Vincent Santoro,Katherine Santoro,Frascatore,2001-04-10,13:10:00,71,68.2,2001-04-10,2,1,2001,4,April,Apr,10,22,Tue,180000,32.5,789-01-2345,215-555-0144,Philadelphia,Philadelphia,Northeast,19112,kasantoro,Mx@3Pm#7Lz
650000,Mr.,John,D,Palmisano,M,john.palmisano@hubspot.com,David Palmisano,Josephine Palmisano,Calabrese,2007-05-20,15:30:00,50,79.3,2007-05-20,2,2,2007,5,May,May,20,16,Fri,90000,14.9,234-56-7890,617-555-0133,Boston,Suffolk,Northeast,02113,jopalmisano,Lq@2Rx#8Jz
970000,Dr.,Joyce,S,Romano,F,joyce.romano@zendesk.com,Samuel Romano,Jean Romano,Benedetti,2004-09-18,11:45:00,58,63.8,2004-09-18,3,2,2004,9,September,Sep,18,19,Fri,101000,17.8,567-89-0123,212-555-0120,New York,New York,Northeast,10013,joromano,Ry@7Lp#1Jm
